f, RPR, RBV, F_last, Recl_last
101168,0.846944,1.06727,0.110803,256003
101168,0.846944,1.06727,0.110803,256003
101168,0.846944,1.06726,0.110803,256003
101166,0.846944,1.06726,0.110803,256001
101146,0.84694,1.0672,0.110802,255978
100946,0.846904,1.06657,0.110792,255754
98964.3,0.84654,1.06028,0.11069,253529
80795.5,0.842838,0.999788,0.109681,232309
50757.1,0.802515,0.856363,0.112719,110232
31949.9,0.740004,1.18333,0.141947,49540.9
23129.6,0.761246,1.07556,0.132408,63031.7
115801,0.711172,1.07643,0.143126,43489.8
17107.5,0.753404,1.07532,0.134495,58507.5
14860.7,0.733871,1.02414,0.129563,60331
12570.5,0.726705,0.972112,0.123102,71197
14086,0.732779,0.884999,0.115663,99263.1
11698.9,0.729107,0.937535,0.120226,80752
10834.8,0.732363,0.930211,0.11782,101508
9847.16,0.734247,0.931015,0.115561,133188
9049.3,0.739586,0.85759,0.110912,172633
7854.93,0.735099,0.857763,0.107437,205844
7464.42,0.739774,0.873063,0.100542,289344
6913.17,0.746674,0.84712,0.0962451,320490
6271.19,0.755214,0.891908,0.0889957,379875
5333.13,0.765322,0.970042,0.0769544,455318
4958.58,0.778346,0.982952,0.060627,543476
4557.09,0.791786,1.04352,0.0570898,616863
4547.71,0.809507,1.20867,0.0545008,710647
4347.23,0.801064,1.12479,0.0557403,663557
4132.81,0.812797,1.16837,0.0529745,635370
3963.37,0.826188,1.33513,0.0496236,602509
3707.58,0.840949,1.49437,0.0470849,571640
3620.38,0.86112,1.79707,0.0427501,513567
3492.24,0.869088,1.90909,0.0414399,486305
3321.49,0.879662,2.1479,0.0396729,433853
3355.16,0.884853,2.16376,0.0370024,380130
3242.87,0.882138,2.15429,0.038416,408193
3201.91,0.887868,2.26074,0.0383366,420444
3138.23,0.887145,2.22592,0.038133,429482
3048,0.886622,2.19792,0.0382726,445744
2996.51,0.889979,2.25409,0.0395549,459419
2933.13,0.890895,2.25522,0.0395746,453501
2884.04,0.896299,2.32633,0.039755,431600
2863.34,0.901035,2.45725,0.0375767,392156
2836.97,0.903844,2.5388,0.0366095,381084
2821.66,0.90714,2.61609,0.0355282,394231
2805.38,0.90818,2.65117,0.0345363,413067
2798.01,0.908665,2.6304,0.0335442,469311
2791.11,0.908186,2.60774,0.0332047,509259
2785.84,0.907412,2.58054,0.0328243,555441
2782.42,0.906856,2.57809,0.0324663,575123
2776.89,0.907036,2.57582,0.0323641,587360
2773.58,0.907395,2.60339,0.0318425,594092
2769.5,0.908363,2.63243,0.0315062,599067
2776.64,0.910423,2.71188,0.0308143,587004
2768.45,0.908922,2.65332,0.0313185,595799
2767.82,0.909857,2.67995,0.0311725,593551
2767.01,0.910343,2.69683,0.0310249,594817
2766.92,0.911001,2.71709,0.0307754,603533
2766.58,0.910687,2.7073,0.0308946,599345
2766.27,0.911238,2.72534,0.0305728,609085
2765.92,0.911822,2.74665,0.0302847,618763
2765.58,0.912722,2.78227,0.0298656,631087
2765.12,0.913644,2.81676,0.0294058,643705
2765.16,0.914898,2.86253,0.0288156,663266
2764.91,0.914262,2.83912,0.0291141,653246
2764.68,0.9148,2.86276,0.0288192,661640
2764.4,0.915391,2.88381,0.0285867,669259
2764.08,0.915943,2.90509,0.0283438,676269
2763.69,0.916465,2.9246,0.0281256,682640
2763.39,0.917188,2.9564,0.0278633,682629
2763.41,0.917935,2.98563,0.0276928,683759
2763.2,0.917542,2.97016,0.0277826,683162
2762.82,0.917791,2.97978,0.0276949,683916
2762.35,0.918093,2.99204,0.0275699,687945
2761.42,0.918438,3.00959,0.0274001,693765
2760.13,0.918669,3.01576,0.0273126,700132
2757.82,0.918832,3.0186,0.0271636,712831
2753.88,0.919578,3.05055,0.0269182,718279
2746.33,0.921274,3.12291,0.0264631,714190
2703.69,0.936065,3.94025,0.0224171,675138
2673.59,0.943368,4.48831,0.018266,1.01153e+06
2657.61,0.941173,4.30698,0.0194635,891366
2569.73,0.94023,4.21939,0.0195458,946963
2272.8,0.92742,3.56052,0.0203917,1.72364e+06
1914.58,0.924208,3.2926,0.0211701,1.66897e+06
1642.43,0.909619,2.62905,0.0266368,1.20191e+06
36405.4,0.887475,2.40144,0.027633,2.11532e+06
2222.52,0.907325,2.52502,0.026899,1.39857e+06
1628.81,0.909361,2.61001,0.026678,1.23105e+06
1603.19,0.909896,2.62699,0.0266409,1.20593e+06
1555.95,0.912158,2.70898,0.0258547,1.21425e+06
1470.97,0.912638,2.73463,0.025579,1.18184e+06
1348.98,0.920047,3.06438,0.022494,1.27533e+06
1284.14,0.916425,2.9215,0.02379,1.04581e+06
1244.61,0.926785,3.40462,0.0197087,1.38274e+06
1219.88,0.936466,4.10985,0.0164144,1.64273e+06
1180.17,0.937071,4.13413,0.0162916,1.63372e+06
1119.56,0.936248,3.99644,0.016694,1.56474e+06
1060.56,0.942938,4.5664,0.0143927,1.97584e+06
1021.85,0.938663,4.16637,0.0158727,1.69102e+06
1035.85,0.929148,3.4693,0.018992,1.29642e+06
1003.19,0.934457,3.82467,0.0172315,1.49623e+06
986.074,0.932531,3.66018,0.017839,1.47536e+06
962.8,0.930095,3.50326,0.0185575,1.46748e+06
932.004,0.927132,3.32245,0.0195921,1.47813e+06
905.844,0.922996,3.15326,0.0212104,1.33845e+06
890.472,0.915312,2.84372,0.023889,1.15717e+06
878.446,0.909459,2.61601,0.0262113,1.03855e+06
860.91,0.906733,2.5241,0.0273452,997311
842.558,0.898251,2.2845,0.0308948,852484
822.783,0.893787,2.18048,0.0328621,767180
811.743,0.883879,1.9354,0.037908,603756
800.277,0.883283,1.93003,0.0382186,585160
788.34,0.883132,1.94465,0.0383917,575088
778.689,0.882607,1.9464,0.039078,541624
767.049,0.882045,1.94386,0.0400095,506789
753.896,0.887124,2.04534,0.0383086,505755
745.147,0.891027,2.1813,0.0363194,513222
733.907,0.896874,2.31359,0.0337092,562372
745.418,0.897507,2.34225,0.0332492,568888
729.393,0.897118,2.32442,0.0335328,564850
723.838,0.899822,2.40354,0.0320643,605881
717.763,0.904461,2.54096,0.0296226,686119
711.971,0.906866,2.62736,0.0279952,776556
708.563,0.907738,2.67415,0.0265247,902530
703.125,0.907556,2.66797,0.0261747,948882
695.877,0.905085,2.5731,0.0261215,1.03875e+06
693.034,0.899888,2.40374,0.0270179,1.07846e+06
688.713,0.898806,2.3763,0.0270219,1.09747e+06
682.766,0.894248,2.24757,0.0283194,1.05499e+06
677.01,0.884691,2.02776,0.0303815,1.05299e+06
671.432,0.879639,1.92485,0.0320415,990085
664.697,0.868976,1.73772,0.0353626,908676
662.544,0.855288,1.54101,0.0394572,854189
659.491,0.858775,1.58435,0.0387143,846950
655.705,0.859718,1.59299,0.0385157,860755
650.231,0.858386,1.56836,0.0401506,784727
644.329,0.850745,1.46403,0.0450558,671957
641.609,0.851538,1.46985,0.0457253,646745
637.617,0.851476,1.47347,0.0469082,597549
634.727,0.851496,1.47895,0.0501409,498473
632.237,0.855425,1.52869,0.0480885,516707
630.084,0.857312,1.55927,0.0480282,488511
627.664,0.860193,1.60261,0.047424,472500
623.811,0.864259,1.67135,0.0468124,438559
620.47,0.870267,1.79659,0.0452559,395941
618.625,0.868402,1.76077,0.0450969,415924
616.232,0.865714,1.71229,0.0459819,414050
613.407,0.861577,1.65946,0.0473291,394354
612.084,0.860238,1.65163,0.0480186,377868
610.729,0.857994,1.61445,0.0489679,375151
608.804,0.852656,1.54049,0.0510994,364382
606.455,0.843867,1.42498,0.0546188,354783
604.545,0.835897,1.33409,0.0576492,352603
603.01,0.837355,1.34487,0.0567692,368263
601.46,0.836817,1.33159,0.0564712,391744
600.59,0.841047,1.36947,0.0538793,430450
599.982,0.84168,1.37745,0.0531443,443879
599.217,0.846082,1.43062,0.0508471,463685
598.656,0.850258,1.48174,0.0486566,490308
597.97,0.857004,1.57168,0.0455871,522849
597.236,0.860712,1.62302,0.0439513,545011
596.3,0.86306,1.66021,0.0429764,554237
595.256,0.862613,1.65914,0.0432439,544153
594.203,0.858387,1.60196,0.0454833,502723
593.058,0.852247,1.52277,0.048553,461615
592.366,0.843088,1.41151,0.0536503,402352
591.824,0.844065,1.422,0.0531862,405114
591.007,0.845446,1.43484,0.0526891,406094
589.995,0.846351,1.44296,0.0531532,385492
589.182,0.847008,1.44756,0.053741,365378
588.306,0.845344,1.43193,0.0558049,328088
587.82,0.847047,1.45546,0.0550915,325139
587.508,0.846743,1.45604,0.0555138,315379
587.041,0.848142,1.47425,0.0544638,325695
586.378,0.850066,1.50029,0.0530483,342067
585.776,0.849934,1.49865,0.0526145,355055
585.18,0.847601,1.46789,0.0532623,363019
584.714,0.845432,1.43921,0.0538559,371147
584.467,0.842939,1.40912,0.0548276,371452
584.222,0.842809,1.40638,0.054689,378187
583.91,0.844237,1.42102,0.0536805,393081
583.574,0.844942,1.42955,0.0530984,401791
583.328,0.84512,1.43243,0.053011,401253
582.958,0.844921,1.43287,0.0530213,399647
582.609,0.843729,1.42322,0.0535223,393173
582.344,0.841594,1.40134,0.0544532,385567
582.066,0.838029,1.36382,0.0558769,379037
581.912,0.835303,1.33472,0.0571914,369001
581.724,0.835998,1.34093,0.0567586,374538
581.545,0.837376,1.35428,0.0560284,380787
581.401,0.838229,1.36215,0.0555213,386738
581.263,0.839971,1.38099,0.0548533,387545
581.15,0.840922,1.39229,0.0545827,385456
580.989,0.842829,1.41492,0.0542151,377290
580.747,0.844405,1.434,0.054241,361704
580.416,0.846063,1.453,0.0544691,340947
580.122,0.846382,1.45514,0.0549234,326183
579.945,0.846797,1.45789,0.0549824,321566
579.839,0.846715,1.45605,0.0550895,319832
579.839,0.846715,1.45605,0.0550895,319832
579.839,0.846715,1.45605,0.0550895,319832
579.821,0.846692,1.45624,0.0550914,319880
579.802,0.846745,1.45672,0.0550952,320046
579.768,0.846722,1.45634,0.0550981,320408
579.708,0.846616,1.45504,0.0550959,321089
579.602,0.846433,1.45315,0.055086,322403
579.402,0.846131,1.45018,0.0550608,324739
579.037,0.845493,1.44384,0.0549933,329096
578.599,0.844211,1.43085,0.0548145,336834
578.595,0.842509,1.41686,0.054501,345653
578.382,0.843361,1.42383,0.0546579,341205
578.409,0.842571,1.41946,0.0544571,345372
578.28,0.84299,1.42177,0.0545634,343157
578.328,0.842583,1.41795,0.0544433,344847
578.239,0.842825,1.42022,0.0545148,343840
578.188,0.842753,1.41935,0.0544783,344660
578.11,0.842732,1.41928,0.0544464,345793
577.979,0.842644,1.41838,0.0543935,347397
577.763,0.842448,1.41589,0.0542928,349859
577.52,0.84225,1.41639,0.0541531,354186
577.49,0.842033,1.41364,0.0539351,358376
577.438,0.842036,1.41378,0.0539075,358908
577.337,0.842048,1.41398,0.0538525,359832
577.147,0.842073,1.41438,0.053746,361612
576.921,0.841999,1.41449,0.0535328,364685
577.299,0.842304,1.4164,0.0533609,367579
576.859,0.842081,1.415,0.0534864,365462
576.741,0.842151,1.41595,0.0534266,365357
576.519,0.842262,1.41782,0.0533013,364900
576.173,0.842489,1.4215,0.053085,363703
576.178,0.842973,1.42726,0.0528196,361282
575.997,0.842658,1.42348,0.0529924,362858
576.021,0.842817,1.42632,0.0529883,358702
575.932,0.842718,1.42455,0.0529909,361287
575.846,0.842794,1.42563,0.0530143,359213
575.682,0.84294,1.4276,0.0530612,355289
574.799,0.844363,1.44783,0.0535326,318324
583.153,0.845313,1.47272,0.0541251,274917
574.687,0.844472,1.45049,0.053597,313266
574.7,0.844428,1.44996,0.053812,308119
574.632,0.844451,1.45024,0.0536987,310818
574.526,0.844337,1.44928,0.053814,308173
573.877,0.843194,1.43983,0.0549809,282931
577.024,0.841973,1.42763,0.0568126,251410
573.752,0.842989,1.43778,0.0552828,277397
574.213,0.842409,1.43337,0.0556594,270149
573.729,0.842887,1.437,0.0553491,276104
573.686,0.842778,1.43579,0.055455,274725
573.347,0.841688,1.42382,0.0565254,261314
573.354,0.839687,1.40332,0.0584198,239627
573.156,0.840695,1.41353,0.05746,250286
575.413,0.838569,1.39019,0.0586396,245454
573.143,0.840541,1.41182,0.0575446,249933
573.116,0.840368,1.40976,0.0576334,249763
572.937,0.838627,1.38943,0.0585288,248069
576.79,0.835543,1.35809,0.059567,246808
572.927,0.83848,1.38791,0.0585781,248008
572.908,0.838317,1.38594,0.0586234,248519
572.789,0.836672,1.36643,0.0590779,253691
576.617,0.834456,1.34134,0.0596495,262075
572.784,0.836598,1.36558,0.059097,253968
572.775,0.836554,1.36501,0.0590982,254424
572.704,0.836109,1.35934,0.0591104,259037
574.274,0.835542,1.354,0.0588505,266165
572.7,0.836083,1.3591,0.0590985,259359
572.693,0.836098,1.35924,0.0590801,259685
572.636,0.836248,1.36062,0.0588957,262972
572.557,0.838092,1.38028,0.0582807,263492
572.543,0.840813,1.41043,0.0572436,265415
572.522,0.841229,1.41499,0.0570547,266154
572.504,0.841745,1.41944,0.0568539,267745
572.484,0.84217,1.42302,0.0567386,268149
572.47,0.842337,1.42427,0.056697,267914
572.448,0.842507,1.42642,0.0566501,267135
572.417,0.8423,1.42447,0.0565764,268889
572.371,0.842114,1.42293,0.0564617,270501
572.3,0.841797,1.41991,0.0564662,271291
572.196,0.841664,1.4189,0.056558,269642
572.177,0.841322,1.41517,0.0566011,269453
572.133,0.841466,1.41674,0.0565829,269533
572.059,0.841338,1.41491,0.0565068,271375
571.935,0.841218,1.4132,0.0564418,272816
571.703,0.841167,1.41306,0.0563465,273676
571.253,0.841173,1.41422,0.0561236,274878
569.803,0.841512,1.42718,0.0539451,287186
572.237,0.841603,1.43014,0.0516765,317363
569.125,0.841559,1.42752,0.0531283,297551
569.902,0.839258,1.40262,0.0522765,332885
568.863,0.840726,1.41815,0.0528115,310165
569.044,0.839505,1.39907,0.0527078,325680
568.772,0.840297,1.41095,0.0527738,315706
568.757,0.840669,1.41695,0.0525909,315581
568.751,0.839963,1.40868,0.0527571,318297
568.742,0.839846,1.40722,0.0528735,316821
568.73,0.839651,1.405,0.0529426,317164
568.709,0.839672,1.40517,0.0529245,317340
568.679,0.839915,1.40832,0.0528072,317797
568.655,0.84036,1.41424,0.0526264,317232
568.61,0.840602,1.41763,0.0524849,317622
568.521,0.840359,1.41492,0.052579,317285
567.83,0.8379,1.3881,0.0535292,313934
569.386,0.853328,1.57811,0.0470032,367828
567.637,0.841872,1.43303,0.051805,326679
567.297,0.840702,1.42153,0.0523945,317500
566.748,0.837552,1.39062,0.0533374,310062
566.321,0.833949,1.36199,0.0548769,280346
566.142,0.832052,1.34226,0.0551722,285024
565.985,0.833524,1.35732,0.0544517,289936
565.848,0.835293,1.37753,0.0535151,293810
565.711,0.835358,1.37956,0.0533548,290710
565.639,0.836208,1.39317,0.0525474,290234
565.557,0.836587,1.39819,0.0523301,289664
565.524,0.8359,1.39052,0.0527167,285428
565.483,0.836071,1.39334,0.0525106,287322
565.46,0.836041,1.3942,0.0523404,287189
565.446,0.836297,1.39806,0.0522069,287516
565.431,0.836419,1.40024,0.0520912,287092
565.417,0.836099,1.39667,0.0521961,285738
565.409,0.835902,1.39557,0.0522097,284040
565.4,0.835862,1.39539,0.0522324,283681
565.395,0.836344,1.40147,0.0519446,285267
565.389,0.836203,1.39983,0.0520277,284508
565.384,0.835809,1.39541,0.052193,283711
565.38,0.835834,1.39555,0.0522067,283625
565.375,0.835939,1.39639,0.0521727,284328
565.371,0.835999,1.39675,0.05217,284736
565.365,0.836011,1.39623,0.0521776,285911
565.362,0.835993,1.39559,0.0522197,286311
565.36,0.835984,1.39503,0.0522342,287242
565.357,0.836025,1.39549,0.0522171,287067
565.354,0.83613,1.39671,0.052178,286812
565.35,0.836291,1.39879,0.0521313,286304
565.349,0.83626,1.3982,0.0521857,285918
565.347,0.8363,1.39866,0.0521831,285815
565.344,0.836302,1.3987,0.0522082,285704
565.341,0.836267,1.39832,0.0522565,285315
565.338,0.836198,1.39764,0.0523348,284578
565.335,0.836185,1.39734,0.0523952,284167
565.332,0.836167,1.39705,0.0524179,284064
565.328,0.836114,1.39649,0.0524411,283764
565.321,0.836159,1.39706,0.0523958,284008
565.316,0.836146,1.3969,0.0523681,284172
565.313,0.836139,1.39692,0.0523297,284677
565.311,0.836092,1.39641,0.0523277,284890
565.31,0.836074,1.3962,0.052314,285203
565.308,0.83598,1.39505,0.0523504,285298
565.306,0.83597,1.39495,0.0523421,285500
565.305,0.835941,1.39464,0.0523495,285450
565.304,0.835968,1.39487,0.0523241,285801
565.303,0.836035,1.39566,0.052293,285897
565.302,0.83605,1.39581,0.0522915,285942
565.302,0.836068,1.396,0.052306,285744
565.301,0.836062,1.39587,0.052319,285680
565.301,0.836063,1.39585,0.0523448,285312
565.3,0.836037,1.39557,0.0523696,284998
565.3,0.836063,1.39589,0.0523831,284575
565.3,0.836062,1.39588,0.0523956,284369
565.299,0.836078,1.39605,0.0523995,284252
565.299,0.836107,1.39641,0.0523805,284372
565.299,0.83613,1.39665,0.0523513,284768
565.299,0.836126,1.39659,0.0523301,285134
565.298,0.836097,1.39624,0.0523214,285461
565.298,0.836054,1.39575,0.0523284,285526
565.298,0.836027,1.39549,0.0523314,285577
565.298,0.835997,1.39518,0.0523449,285470
565.298,0.836007,1.39533,0.0523532,285222
565.298,0.836022,1.39554,0.052354,285120
565.298,0.836053,1.39591,0.0523562,284898
565.297,0.83606,1.396,0.0523548,284876
565.297,0.836051,1.39587,0.0523585,284857
565.297,0.836039,1.39571,0.0523593,284922
565.297,0.836016,1.39541,0.0523631,284999
565.297,0.836021,1.39545,0.0523631,285004
565.297,0.83604,1.39565,0.0523599,285022
565.296,0.836059,1.39586,0.0523558,285036
565.296,0.836069,1.39599,0.0523513,285061
565.296,0.836066,1.39597,0.0523477,285115
565.296,0.836056,1.39588,0.052344,285171
565.296,0.83604,1.3957,0.0523425,285230
565.296,0.836033,1.39563,0.0523417,285232
565.296,0.83603,1.3956,0.0523414,285228
565.296,0.836044,1.39576,0.0523403,285169
565.296,0.836061,1.39597,0.0523404,285072
565.296,0.836068,1.39605,0.0523408,285045
565.296,0.836076,1.39613,0.0523424,284997
565.296,0.836082,1.39618,0.0523474,284926
565.296,0.836078,1.39612,0.0523519,284918
565.296,0.836068,1.39597,0.0523571,284952
565.296,0.836059,1.39582,0.0523575,285066
565.295,0.836057,1.39578,0.0523547,285155
565.295,0.836054,1.39574,0.0523505,285250
565.295,0.836058,1.39579,0.0523488,285251
565.295,0.83606,1.39583,0.0523473,285233
565.295,0.836059,1.39585,0.0523461,285219
565.295,0.836056,1.39582,0.0523474,285195
565.295,0.836051,1.39577,0.0523503,285159
565.295,0.83605,1.39576,0.0523528,285124
565.295,0.836054,1.3958,0.0523539,285097
565.295,0.83606,1.39586,0.0523534,285086
565.295,0.836067,1.39593,0.0523515,285092
565.295,0.836072,1.39598,0.0523487,285120
565.295,0.836073,1.396,0.0523456,285164
565.295,0.836068,1.39595,0.0523433,285213
565.295,0.83606,1.39586,0.0523433,285240
565.295,0.83605,1.39576,0.0523449,285241
565.295,0.836044,1.3957,0.0523474,285215
565.295,0.836043,1.39569,0.0523502,285167
565.295,0.836046,1.39573,0.0523519,285120
565.295,0.836051,1.39579,0.0523528,285087
565.295,0.836054,1.39583,0.0523526,285081
565.295,0.836054,1.39582,0.0523523,285092
565.295,0.836053,1.39581,0.0523518,285108
565.295,0.836052,1.39579,0.0523515,285121
565.295,0.836053,1.3958,0.0523506,285129
565.295,0.836055,1.39582,0.0523497,285135
565.295,0.836057,1.39584,0.0523488,285137
565.295,0.836058,1.39585,0.0523484,285139
565.295,0.836058,1.39585,0.0523482,285141
565.295,0.836057,1.39585,0.0523479,285144
565.295,0.836057,1.39585,0.0523477,285147
565.295,0.836057,1.39585,0.0523476,285149
565.295,0.836058,1.39585,0.0523476,285147
565.295,0.836058,1.39586,0.0523476,285144
565.295,0.836059,1.39587,0.0523478,285139
565.295,0.83606,1.39587,0.052348,285135
565.295,0.836059,1.39587,0.0523482,285134
565.295,0.836059,1.39586,0.0523483,285135
565.295,0.836058,1.39586,0.0523483,285137
565.295,0.836058,1.39585,0.0523484,285138
565.295,0.836057,1.39585,0.0523484,285139
565.295,0.836057,1.39585,0.0523484,285139
565.295,0.836057,1.39585,0.0523485,285139
565.295,0.836057,1.39585,0.0523485,285139
565.295,0.836057,1.39585,0.0523485,285139
565.295,0.836057,1.39585,0.0523485,285140
565.295,0.836057,1.39585,0.0523485,285140
565.295,0.836057,1.39585,0.0523485,285139
565.295,0.836057,1.39585,0.0523485,285139
565.295,0.836057,1.39585,0.0523485,285139
565.295,0.836057,1.39585,0.0523485,285139
565.295,0.836057,1.39585,0.0523485,285139
565.295,0.836057,1.39585,0.0523485,285139
565.295,0.836057,1.39585,0.0523485,285139
565.295,0.836057,1.39585,0.0523485,285139
565.295,0.836057,1.39585,0.0523485,285139
565.295,0.836057,1.39585,0.0523485,285139
565.275,0.836057,1.39585,0.0523485,285139
565.077,0.836057,1.39585,0.0523485,285139
563.207,0.836057,1.39585,0.0523485,285139
1157.76,0.825326,1.3381,0.0523615,286198
563.2,0.836015,1.39565,0.0523485,285143
563.19,0.836017,1.39551,0.0523482,285180
563.172,0.835978,1.39526,0.0523481,285236
563.137,0.83593,1.39478,0.0523476,285359
562.975,0.835467,1.3901,0.0523426,286564
562.652,0.834938,1.38529,0.052337,287902
562.14,0.834193,1.37839,0.0523211,290152
561.638,0.833031,1.36822,0.0522647,293527
561.346,0.831967,1.35741,0.0521428,296190
561.402,0.831325,1.35541,0.0520534,297572
561.213,0.831673,1.35649,0.052102,296819
561.015,0.831484,1.35427,0.0520465,297253
560.707,0.831222,1.35297,0.0519853,298093
560.231,0.830923,1.35022,0.0519224,299617
559.405,0.830472,1.3456,0.0518544,302137
558.478,0.829846,1.33973,0.051768,306606
558.37,0.829152,1.33628,0.051675,310170
557.982,0.829474,1.33787,0.0517184,308501
557.468,0.828988,1.33209,0.0516258,308854
556.849,0.828991,1.33619,0.0516199,310297
555.886,0.828832,1.3337,0.0515812,311657
556.185,0.828803,1.33478,0.0515375,314742
555.465,0.82882,1.33416,0.0515622,312997
555.186,0.828582,1.33269,0.051491,313950
554.725,0.828484,1.33174,0.0514341,314810
553.882,0.828311,1.33002,0.0513402,316202
554.083,0.828137,1.32802,0.0512184,318721
553.504,0.828231,1.32912,0.0512857,317326
554.081,0.828183,1.32824,0.0512489,317699
553.397,0.828217,1.32887,0.0512753,317432
553.221,0.828355,1.32993,0.051273,316674
552.9,0.82862,1.3322,0.0512741,315153
552.915,0.829191,1.33699,0.0513244,311717
552.755,0.828893,1.33447,0.0512981,313510
552.495,0.829224,1.33769,0.051366,310910
552.266,0.829673,1.34191,0.0514863,307355
552.117,0.829976,1.3451,0.0515909,304417
552.109,0.830607,1.35098,0.051805,299723
552.912,0.830499,1.35209,0.0518912,296083
552.102,0.830595,1.3511,0.0518142,299333
552.08,0.830543,1.35061,0.0518444,299110
551.932,0.830018,1.34572,0.0521477,296886
551.774,0.829233,1.33826,0.0526169,293780
553.13,0.828192,1.33142,0.0528988,289127
551.759,0.829136,1.33762,0.052643,293345
551.732,0.829012,1.33646,0.052691,293164
551.564,0.827763,1.325,0.0531737,291358
551.565,0.826293,1.3088,0.0539574,290308
551.468,0.827026,1.31682,0.0535657,290831
551.889,0.826031,1.30938,0.053825,288683
551.452,0.826867,1.31562,0.0536071,290486
551.421,0.82674,1.31428,0.0536584,290354
551.198,0.825463,1.30108,0.0541747,289041
555.055,0.823613,1.28682,0.0546153,283458
551.183,0.825356,1.30024,0.0542002,288713
551.156,0.82534,1.29997,0.0542224,288527
551.103,0.825311,1.29959,0.054254,288086
550.78,0.825015,1.29599,0.0545706,283710
560.194,0.825155,1.29852,0.0546902,275890
550.766,0.82502,1.29608,0.054575,283416
550.738,0.82507,1.29654,0.0545783,283130
550.552,0.825573,1.30123,0.0546112,280286
550.391,0.827233,1.31622,0.0543499,276597
550.227,0.828464,1.32906,0.054207,274173
550.237,0.828986,1.33171,0.0539735,278402
550.149,0.828719,1.33028,0.0540944,276203
550.033,0.829122,1.33332,0.0538251,279793
549.905,0.830582,1.34727,0.0532048,284662
549.801,0.833589,1.37658,0.052308,286746
549.668,0.835956,1.39975,0.0513096,294226
549.65,0.837374,1.41354,0.050663,301889
549.619,0.837472,1.41449,0.0507135,301171
549.579,0.837577,1.41514,0.0508664,299005
549.519,0.837528,1.41329,0.0510003,298131
549.478,0.83724,1.40893,0.0513365,295949
549.449,0.83777,1.41492,0.05142,293367
549.434,0.837599,1.41205,0.0511776,300265
549.407,0.83816,1.41761,0.0509547,302172
549.378,0.839381,1.43071,0.050802,299553
549.325,0.839708,1.43359,0.0508015,299248
549.236,0.839256,1.42669,0.0509217,301797
549.075,0.839213,1.42489,0.0513115,297795
548.898,0.838434,1.41683,0.051529,301089
548.696,0.839815,1.4333,0.0511084,301753
548.683,0.838397,1.41394,0.0503544,325969
548.651,0.838392,1.41383,0.0503718,325661
548.394,0.838334,1.41276,0.0505464,322602
547.864,0.838179,1.41147,0.050986,313951
546.873,0.838386,1.41405,0.0509565,310683
546.185,0.838292,1.41881,0.0506462,308266
553.276,0.832454,1.35923,0.0546378,265996
546.12,0.837373,1.40884,0.0512641,301071
546.124,0.835535,1.38898,0.0519851,297275
546.087,0.836438,1.39868,0.0516302,299130
546.02,0.836602,1.40054,0.0515801,298937
545.409,0.838234,1.41933,0.0510813,297008
544.442,0.831964,1.35227,0.0538177,277026
543.286,0.832726,1.35723,0.0552476,256324
542.286,0.841026,1.44282,0.0521351,263638
541.96,0.84072,1.4412,0.0526264,255026
541.796,0.840935,1.44267,0.0525594,256164
541.642,0.840683,1.43979,0.0527207,251537
541.589,0.841483,1.44845,0.0525833,250004
541.553,0.842511,1.45976,0.0522274,251056
541.539,0.842853,1.4644,0.0520464,250264
541.532,0.843115,1.46705,0.0521278,248414
541.528,0.842814,1.46314,0.0521518,249801
541.523,0.842729,1.46234,0.0522083,249370
541.519,0.842668,1.4622,0.0521032,250478
541.516,0.842602,1.46152,0.0521156,250540
541.513,0.842523,1.46082,0.0521418,250455
541.512,0.842528,1.46117,0.0520886,250942
541.511,0.842516,1.46107,0.0520762,251105
541.51,0.84243,1.46019,0.0520898,251061
541.509,0.842387,1.45967,0.0520921,251092
541.509,0.842368,1.45955,0.0520964,250973
541.508,0.842372,1.4596,0.0521,250828
541.508,0.842405,1.46001,0.0520912,250784
541.508,0.842421,1.46018,0.0520866,250776
541.508,0.842437,1.46038,0.0520807,250783
541.507,0.842436,1.46038,0.0520822,250749
541.507,0.842417,1.46018,0.0520919,250678
541.507,0.842403,1.46001,0.0521026,250608
541.507,0.84238,1.45973,0.0521152,250587
541.507,0.842373,1.45959,0.0521216,250656
541.506,0.842361,1.45938,0.0521255,250836
541.506,0.842364,1.45935,0.0521203,251073
541.506,0.842357,1.45922,0.0521178,251247
541.506,0.842362,1.45928,0.0521126,251292
541.506,0.842355,1.45924,0.0521156,251190
541.505,0.842363,1.45939,0.0521156,251008
541.505,0.842366,1.45946,0.0521185,250847
541.505,0.842374,1.45957,0.052117,250775
541.505,0.842379,1.45964,0.0521143,250777
541.505,0.842382,1.45967,0.0521112,250814
541.505,0.842382,1.45966,0.0521089,250851
541.505,0.842379,1.45963,0.052108,250877
541.505,0.842375,1.45959,0.0521082,250889
541.505,0.842372,1.45956,0.0521091,250888
541.505,0.842372,1.45955,0.0521097,250884
541.505,0.842373,1.45957,0.05211,250882
541.505,0.842376,1.45959,0.05211,250880
541.505,0.842379,1.45962,0.05211,250878
541.505,0.842383,1.45966,0.0521101,250873
541.505,0.842385,1.45968,0.0521108,250863
541.505,0.842385,1.45968,0.0521118,250850
541.505,0.842383,1.45965,0.0521126,250843
541.505,0.84238,1.45963,0.0521128,250843
541.505,0.842379,1.45961,0.0521125,250849
541.505,0.842378,1.45961,0.0521118,250858
541.505,0.842378,1.45961,0.0521113,250864
541.505,0.842378,1.45961,0.0521109,250867
541.505,0.842378,1.45961,0.0521108,250868
541.505,0.842377,1.4596,0.0521108,250867
541.505,0.842377,1.4596,0.0521109,250867
541.505,0.842377,1.4596,0.0521109,250866
541.505,0.842376,1.4596,0.0521109,250866
541.505,0.842376,1.4596,0.0521109,250867
541.505,0.842377,1.4596,0.0521108,250868
541.505,0.842377,1.4596,0.0521107,250868
541.505,0.842377,1.45961,0.0521107,250869
541.505,0.842378,1.45961,0.0521108,250868
541.505,0.842377,1.4596,0.0521109,250867
541.505,0.842377,1.4596,0.052111,250866
541.505,0.842377,1.4596,0.052111,250866
541.505,0.842377,1.4596,0.052111,250866
541.505,0.842377,1.4596,0.052111,250866
541.505,0.842377,1.4596,0.052111,250866
541.505,0.842377,1.4596,0.052111,250866
541.505,0.842377,1.4596,0.052111,250866
541.505,0.842377,1.4596,0.052111,250866
541.505,0.842377,1.4596,0.052111,250866
541.505,0.842377,1.4596,0.052111,250866
541.505,0.842377,1.4596,0.052111,250866
541.505,0.842377,1.4596,0.052111,250866
541.505,0.842377,1.4596,0.052111,250866
541.505,0.842377,1.4596,0.052111,250866
541.505,0.842377,1.4596,0.052111,250866
541.505,0.842377,1.4596,0.052111,250866
541.505,0.842377,1.4596,0.052111,250866
541.505,0.842377,1.4596,0.052111,250866
541.485,0.842377,1.4596,0.052111,250866
541.288,0.842377,1.4596,0.052111,250866
539.532,0.842377,1.4596,0.052111,250866
2229.31,0.83245,1.32895,0.0521528,219586
539.53,0.842363,1.45945,0.052111,250831
539.526,0.84236,1.4594,0.0521118,250794
539.519,0.842343,1.45935,0.0521142,250724
539.507,0.842342,1.45936,0.0521203,250623
539.483,0.842321,1.45929,0.0521319,250426
539.344,0.84211,1.45856,0.0522478,248460
539.156,0.841861,1.45534,0.0523909,245853
539.059,0.841651,1.45481,0.0525746,243057
539.1,0.841448,1.45462,0.0526613,241540
539.019,0.841567,1.45473,0.0526104,242429
539.02,0.841502,1.45335,0.0526294,241757
538.999,0.841535,1.45405,0.0526198,242096
538.977,0.841502,1.45413,0.0526285,241811
538.955,0.841502,1.45414,0.0526388,241527
538.919,0.841483,1.45421,0.0526482,241259
538.864,0.841431,1.45326,0.0526632,240746
538.803,0.84143,1.45431,0.0527085,240115
538.833,0.841284,1.45303,0.0527594,239219
538.778,0.841371,1.4538,0.052729,239754
538.754,0.841324,1.45321,0.0527536,239436
538.726,0.841292,1.45359,0.0527838,239204
538.674,0.841228,1.45295,0.0528083,238915
538.571,0.841126,1.45205,0.0528504,238399
537.805,0.840141,1.44315,0.0532736,233300
536.705,0.838544,1.42852,0.0539169,224759
545.046,0.836651,1.41686,0.0544112,211690
536.586,0.838335,1.42725,0.0539698,223316
536.547,0.838163,1.42663,0.0540027,221416
536.475,0.83818,1.42689,0.0540385,220755
536.335,0.838233,1.42741,0.0541099,219583
535.457,0.838771,1.43278,0.0548291,208196
536.719,0.838733,1.43727,0.0555833,192576
535.149,0.838758,1.43415,0.0550612,203233
534.748,0.838485,1.43274,0.0552384,199163
534.11,0.838254,1.42899,0.0556295,195453
534.291,0.837529,1.42072,0.0561713,190536
533.924,0.837931,1.42533,0.0558679,193268
533.765,0.837625,1.42205,0.0560411,191075
533.776,0.837788,1.4238,0.0559485,192243
534.241,0.837422,1.42061,0.0559717,191899
533.747,0.837735,1.42333,0.0559519,192193
533.714,0.837666,1.42252,0.0559701,192350
533.656,0.83754,1.42095,0.0560035,192670
533.76,0.83716,1.4179,0.0559939,193195
533.641,0.837436,1.42011,0.0560009,192813
533.611,0.837252,1.41797,0.0560012,193717
533.556,0.836948,1.41415,0.0560087,195405
533.545,0.836323,1.40719,0.0559988,198350
533.53,0.836446,1.40845,0.0559828,198162
533.503,0.836604,1.41032,0.0559529,197769
533.339,0.838175,1.42924,0.0556545,193885
539.214,0.840363,1.46061,0.0549582,186384
533.333,0.838243,1.43019,0.055633,193650
533.322,0.83838,1.43181,0.0556084,193303
533.302,0.838635,1.4349,0.055558,192628
533.306,0.838932,1.43845,0.0553634,193405
533.293,0.838769,1.4365,0.05547,192978
533.276,0.838906,1.43802,0.0553872,193427
533.243,0.839221,1.44129,0.0552512,193833
533.191,0.839403,1.44273,0.05513,194771
533.118,0.839781,1.4474,0.0551365,193074
533.056,0.840125,1.45053,0.0550983,192278
533.005,0.839832,1.44679,0.0553659,190367
532.986,0.838802,1.43603,0.0556949,190813
532.969,0.83903,1.43915,0.0557284,188704
532.95,0.839073,1.43914,0.055633,189624
532.924,0.839205,1.44077,0.0556139,189091
532.903,0.839187,1.44063,0.0555982,189353
532.881,0.839744,1.44638,0.0553896,189019
532.866,0.839725,1.44616,0.0552383,190454
532.85,0.839799,1.44741,0.0551905,190005
532.828,0.839578,1.44531,0.0552329,189679
532.801,0.8395,1.44415,0.0552363,189251
532.777,0.840074,1.44979,0.0549571,189680
532.737,0.840335,1.45309,0.0548253,189714
532.69,0.840266,1.45258,0.0546739,191584
532.618,0.840464,1.45493,0.0545089,192587
532.485,0.840398,1.45382,0.0545166,193156
532.251,0.839952,1.44769,0.054579,195554
531.869,0.84133,1.46237,0.0539243,200113
531.615,0.843411,1.48278,0.0531291,205691
531.804,0.841854,1.46187,0.0540412,203178
531.53,0.842852,1.47521,0.0534554,204783
531.95,0.840834,1.45225,0.0545287,199587
531.513,0.842386,1.46984,0.0537027,203565
531.523,0.842958,1.47772,0.0531745,207497
531.506,0.842627,1.47313,0.0534798,205210
531.499,0.842937,1.47678,0.0532949,206480
531.489,0.843121,1.47872,0.0532155,206993
531.472,0.842983,1.47687,0.0533023,206593
531.358,0.841608,1.45865,0.0541779,202635
531.129,0.841556,1.45792,0.0540342,204992
534.415,0.862692,1.74316,0.0440885,265407
531.113,0.843253,1.47779,0.0532066,209027
531.082,0.843212,1.4773,0.0532121,209186
530.838,0.842803,1.4724,0.053267,210790
530.574,0.843883,1.48321,0.0527471,214334
530.512,0.844094,1.48539,0.0528282,212470
530.475,0.844289,1.48744,0.0528637,211406
530.443,0.844381,1.48736,0.0528813,212327
530.425,0.84464,1.48937,0.0528359,213099
530.416,0.844868,1.49115,0.0528381,213162
530.41,0.844992,1.49176,0.0528619,213511
530.407,0.845018,1.49172,0.0529028,213588
530.405,0.844991,1.49138,0.0529274,213583
530.404,0.844941,1.49082,0.0529512,213556
530.404,0.844869,1.49003,0.0529719,213617
530.403,0.844784,1.48904,0.0530101,213475
530.403,0.844769,1.48878,0.0530212,213466
530.402,0.844775,1.48882,0.0530215,213465
530.402,0.844843,1.48954,0.0530046,213475
530.402,0.844891,1.49009,0.0529855,213541
530.401,0.844912,1.49036,0.0529726,213624
530.401,0.844908,1.49036,0.0529685,213628
530.401,0.844889,1.49019,0.0529697,213606
530.401,0.844873,1.49006,0.0529706,213556
530.401,0.844848,1.48981,0.0529758,213486
530.401,0.844838,1.48975,0.0529752,213454
530.401,0.844828,1.48966,0.0529758,213439
530.401,0.844832,1.48973,0.0529711,213460
530.401,0.844833,1.48977,0.0529686,213476
530.401,0.844836,1.48981,0.0529667,213477
530.401,0.844836,1.48981,0.0529667,213477
530.401,0.844837,1.48982,0.0529672,213471
530.401,0.844836,1.4898,0.0529686,213471
530.401,0.844836,1.48978,0.0529697,213471
530.401,0.844834,1.48976,0.0529708,213475
530.401,0.844834,1.48975,0.0529712,213479
530.401,0.844834,1.48975,0.0529709,213482
530.401,0.844836,1.48978,0.0529697,213481
530.401,0.844837,1.4898,0.0529689,213477
530.401,0.844838,1.48981,0.0529685,213475
530.401,0.844838,1.48981,0.0529688,213474
530.401,0.844838,1.48981,0.0529688,213475
530.401,0.844838,1.48981,0.052969,213475
530.401,0.844838,1.48981,0.052969,213476
530.401,0.844839,1.48981,0.0529691,213475
530.401,0.844839,1.48981,0.0529691,213475
530.401,0.844839,1.48981,0.0529692,213475
530.401,0.844839,1.48981,0.0529692,213475
530.401,0.844839,1.48981,0.0529692,213476
530.401,0.844839,1.48981,0.0529692,213477
530.401,0.844839,1.48981,0.0529691,213477
530.401,0.844839,1.48981,0.0529691,213477
530.401,0.844838,1.48981,0.052969,213476
530.401,0.844838,1.48981,0.052969,213475
530.401,0.844838,1.48981,0.052969,213475
530.401,0.844838,1.48981,0.052969,213476
530.401,0.844838,1.48981,0.052969,213476
530.401,0.844838,1.48981,0.052969,213476
530.401,0.844838,1.48981,0.052969,213476
530.401,0.844838,1.48981,0.052969,213476
530.401,0.844838,1.48981,0.052969,213476
530.401,0.844838,1.48981,0.052969,213476
530.401,0.844838,1.48981,0.052969,213476
530.401,0.844838,1.48981,0.052969,213476
530.401,0.844838,1.48981,0.052969,213476
530.401,0.844838,1.48981,0.052969,213476
530.401,0.844838,1.48981,0.052969,213476
530.401,0.844838,1.48981,0.052969,213476
530.401,0.844838,1.48981,0.052969,213476
530.401,0.844838,1.48981,0.052969,213476
530.401,0.844838,1.48981,0.052969,213476
530.401,0.844838,1.48981,0.052969,213476
530.401,0.844838,1.48981,0.052969,213476
530.401,0.844838,1.48981,0.052969,213476
530.401,0.844838,1.48981,0.052969,213476
530.401,0.844838,1.48981,0.052969,213476
530.401,0.844838,1.48981,0.052969,213476
530.401,0.844838,1.48981,0.052969,213476
530.401,0.844838,1.48981,0.052969,213476
530.401,0.844838,1.48981,0.052969,213476
530.401,0.844838,1.48981,0.052969,213476
530.401,0.844838,1.48981,0.052969,213476
530.401,0.844838,1.48981,0.052969,213476
530.401,0.844838,1.48981,0.052969,213476
530.401,0.844838,1.48981,0.052969,213476
530.401,0.844838,1.48981,0.052969,213476
530.401,0.844838,1.48981,0.052969,213476
530.401,0.844838,1.48981,0.052969,213476
530.401,0.844838,1.48981,0.052969,213476
530.401,0.844838,1.48981,0.052969,213476
530.401,0.844838,1.48981,0.052969,213476
530.401,0.844838,1.48981,0.052969,213476
530.401,0.844838,1.48981,0.052969,213476
530.401,0.844838,1.48981,0.052969,213476
530.401,0.844838,1.48981,0.052969,213476
530.401,0.844838,1.48981,0.052969,213476
530.401,0.844838,1.48981,0.052969,213476
530.401,0.844838,1.48981,0.052969,213476
530.401,0.844838,1.48981,0.052969,213476
530.401,0.844838,1.48981,0.052969,213476
530.401,0.844838,1.48981,0.052969,213476
530.401,0.844838,1.48981,0.052969,213476
530.401,0.844838,1.48981,0.052969,213476
530.401,0.844838,1.48981,0.052969,213476
530.401,0.844838,1.48981,0.052969,213476
530.401,0.844838,1.48981,0.052969,213476
530.401,0.844838,1.48981,0.052969,213476
530.401,0.844838,1.48981,0.052969,213476
530.401,0.844838,1.48981,0.052969,213476
530.401,0.844838,1.48981,0.052969,213476
530.401,0.844838,1.48981,0.052969,213476
530.401,0.844838,1.48981,0.052969,213476
530.401,0.844838,1.48981,0.052969,213476
530.401,0.844838,1.48981,0.052969,213476
530.401,0.844838,1.48981,0.052969,213476
530.401,0.844838,1.48981,0.052969,213476
530.401,0.844838,1.48981,0.052969,213476
530.401,0.844838,1.48981,0.052969,213476
530.401,0.844838,1.48981,0.052969,213476
530.401,0.844838,1.48981,0.0529691,213476
530.401,0.844838,1.48981,0.0529691,213475
530.401,0.844838,1.48981,0.0529691,213475
530.401,0.844838,1.48981,0.0529691,213475
530.401,0.844838,1.48981,0.0529691,213475
530.402,0.844838,1.48981,0.0529691,213475
530.401,0.844838,1.48981,0.0529691,213475
530.401,0.844838,1.48981,0.0529691,213475
530.401,0.844838,1.48981,0.0529691,213475
530.401,0.844838,1.48981,0.0529691,213475
530.401,0.844838,1.48981,0.0529691,213475
530.401,0.844838,1.48981,0.052969,213476
530.401,0.844838,1.48981,0.052969,213476
530.401,0.844838,1.48981,0.052969,213476
530.401,0.844838,1.48981,0.052969,213476
530.401,0.844838,1.48981,0.052969,213476
530.401,0.844838,1.48981,0.052969,213476
530.401,0.844838,1.48981,0.052969,213476
530.401,0.844838,1.48981,0.052969,213476
530.401,0.844838,1.48981,0.052969,213476
530.401,0.844838,1.48981,0.052969,213476
530.401,0.844838,1.48981,0.052969,213476
530.402,0.844846,1.48984,0.0529695,213485
530.401,0.844839,1.48981,0.052969,213476
530.401,0.844839,1.48981,0.052969,213476
530.401,0.844838,1.48981,0.0529691,213476
530.401,0.844839,1.48981,0.0529691,213477
530.401,0.844839,1.48981,0.0529692,213478
530.401,0.844839,1.48981,0.0529692,213479
530.401,0.844839,1.4898,0.0529692,213480
530.401,0.844839,1.4898,0.0529691,213480
530.401,0.844839,1.4898,0.0529691,213480
530.401,0.844838,1.4898,0.052969,213479
530.401,0.844839,1.4898,0.0529691,213479
530.401,0.844839,1.4898,0.052969,213479
530.401,0.844839,1.4898,0.0529691,213479
530.401,0.844839,1.4898,0.0529691,213479
530.401,0.844839,1.4898,0.0529691,213479
530.401,0.844839,1.4898,0.0529691,213479
530.401,0.844839,1.4898,0.0529691,213479
530.401,0.844839,1.4898,0.0529691,213479
530.401,0.844839,1.4898,0.0529691,213479
530.401,0.844839,1.4898,0.0529691,213479
530.401,0.844839,1.4898,0.0529691,213479
530.401,0.844839,1.4898,0.0529691,213479
530.401,0.844839,1.4898,0.0529691,213479
530.401,0.844839,1.4898,0.0529691,213479
530.401,0.844839,1.4898,0.0529691,213479
530.401,0.844839,1.4898,0.0529691,213479
530.401,0.844839,1.4898,0.0529691,213479
530.401,0.844839,1.4898,0.0529691,213479
530.401,0.844839,1.4898,0.0529691,213478
530.401,0.844839,1.4898,0.0529691,213477
530.401,0.844839,1.4898,0.0529691,213477
530.401,0.844839,1.4898,0.0529691,213477
530.401,0.844839,1.4898,0.0529691,213477
530.401,0.844839,1.4898,0.0529691,213477
530.401,0.844839,1.4898,0.0529691,213477
530.401,0.844839,1.4898,0.0529691,213477
530.401,0.844839,1.4898,0.0529691,213477
530.401,0.844839,1.48981,0.0529691,213476
530.401,0.84484,1.48981,0.0529691,213474
530.401,0.84484,1.48982,0.052969,213472
530.401,0.84484,1.48981,0.0529691,213474
530.401,0.84484,1.48981,0.0529691,213474
530.401,0.84484,1.48981,0.0529691,213474
530.401,0.84484,1.48981,0.0529691,213475
530.401,0.844839,1.4898,0.0529692,213477
530.401,0.844838,1.4898,0.0529692,213477
530.401,0.844839,1.4898,0.0529692,213477
530.401,0.844839,1.4898,0.0529692,213477
530.401,0.844839,1.4898,0.0529693,213478
530.401,0.844838,1.48979,0.0529695,213479
530.401,0.844835,1.48974,0.0529718,213491
530.401,0.844835,1.48966,0.0529773,213523
530.401,0.844835,1.48973,0.052972,213492
530.401,0.844835,1.48973,0.0529721,213492
530.401,0.844832,1.4897,0.0529728,213497
530.401,0.844828,1.48965,0.0529742,213506
530.401,0.844826,1.4896,0.0529762,213507
530.401,0.844828,1.48964,0.0529744,213506
530.401,0.844828,1.48965,0.0529744,213504
530.401,0.844831,1.48967,0.0529752,213490
530.401,0.844837,1.48972,0.0529765,213461
530.401,0.844836,1.48971,0.0529749,213505
530.401,0.844836,1.48971,0.0529736,213529
530.401,0.844843,1.48979,0.0529676,213585
530.401,0.844846,1.48985,0.0529645,213575
530.401,0.844845,1.48986,0.0529645,213544
530.401,0.844832,1.48972,0.0529665,213554
530.401,0.844828,1.48968,0.0529676,213554
530.401,0.844827,1.48967,0.0529689,213533
530.401,0.844827,1.48966,0.052969,213534
530.401,0.844827,1.48967,0.0529689,213531
530.401,0.844827,1.48967,0.0529691,213531
530.401,0.844826,1.48965,0.0529698,213534
530.401,0.844823,1.48962,0.0529711,213528
530.401,0.844819,1.48957,0.0529725,213531
530.401,0.844817,1.48954,0.0529739,213527
530.401,0.844823,1.48962,0.0529721,213527
530.401,0.844824,1.48963,0.0529701,213563
530.401,0.844816,1.48952,0.0529749,213533
530.401,0.84479,1.48921,0.0529877,213478
530.401,0.844791,1.48921,0.0529928,213423
530.401,0.844799,1.48926,0.0529897,213474
530.401,0.844817,1.48945,0.0529852,213506
530.401,0.844808,1.48935,0.0529875,213490
530.401,0.844803,1.48925,0.0529935,213508
530.401,0.844801,1.4892,0.0529974,213495
530.401,0.844803,1.48922,0.0529964,213512
530.401,0.84481,1.4893,0.052994,213512
530.401,0.844811,1.48931,0.052993,213528
530.401,0.84481,1.48931,0.0529931,213527
530.401,0.844808,1.48928,0.0529946,213523
530.401,0.844809,1.4893,0.0529966,213483
530.401,0.844797,1.48914,0.0529973,213545
530.401,0.844795,1.48913,0.052998,213528
530.401,0.844781,1.48905,0.0530047,213359
530.401,0.844692,1.48815,0.0530346,213190
530.401,0.844742,1.48865,0.0530179,213284
530.403,0.845154,1.49434,0.0527473,214532
530.401,0.844747,1.48873,0.0530143,213300
530.401,0.844747,1.48873,0.0530143,213300
530.401,0.844747,1.48872,0.0530144,213298
530.4,0.844745,1.48871,0.0530156,213272
530.4,0.844744,1.48873,0.0530158,213237
530.399,0.844744,1.48889,0.053018,212885
530.397,0.844754,1.48922,0.053015,212577
530.396,0.844784,1.4895,0.0529928,212814
530.396,0.84485,1.48985,0.0529687,213410
530.395,0.844818,1.4897,0.0529782,213176
530.395,0.844841,1.48987,0.05297,213424
530.395,0.844844,1.48985,0.0529677,213496
530.395,0.844839,1.48982,0.052969,213476
530.395,0.844839,1.48982,0.052969,213473
530.395,0.844839,1.48982,0.052969,213474
530.395,0.844839,1.48982,0.052969,213474
530.395,0.844839,1.48982,0.052969,213474
530.395,0.844839,1.48982,0.052969,213474
530.395,0.844839,1.48982,0.052969,213474
530.395,0.844839,1.48982,0.052969,213473
530.395,0.844839,1.48982,0.052969,213473
530.395,0.844839,1.48982,0.052969,213473
530.395,0.844839,1.48982,0.052969,213473
530.395,0.844839,1.48982,0.052969,213473
530.395,0.844839,1.48982,0.052969,213473
530.395,0.844839,1.48982,0.052969,213473
530.395,0.844839,1.48982,0.052969,213473
530.395,0.844839,1.48982,0.052969,213473
530.395,0.844839,1.48982,0.052969,213473
530.395,0.844839,1.48982,0.052969,213473
530.395,0.844839,1.48982,0.052969,213472
530.395,0.844839,1.48982,0.052969,213472
530.395,0.844839,1.48981,0.0529691,213469
530.395,0.844839,1.48981,0.0529691,213471
530.395,0.844839,1.48982,0.0529691,213472
530.395,0.844839,1.48982,0.052969,213473
530.395,0.844839,1.48982,0.052969,213474
530.395,0.844839,1.48982,0.052969,213474
530.395,0.844839,1.48982,0.052969,213474
530.395,0.844839,1.48982,0.052969,213474
530.395,0.844839,1.48982,0.052969,213474
530.395,0.844839,1.48982,0.052969,213474
530.395,0.844839,1.48982,0.052969,213474
530.395,0.844839,1.48982,0.052969,213473
530.395,0.844839,1.48982,0.052969,213473
530.395,0.844839,1.48982,0.052969,213473
530.395,0.844839,1.48982,0.052969,213473
530.395,0.844839,1.48982,0.052969,213473
530.395,0.844839,1.48982,0.052969,213473
530.395,0.844839,1.48982,0.052969,213473
530.395,0.844839,1.48982,0.052969,213473
530.395,0.844839,1.48982,0.052969,213474
530.395,0.844839,1.48982,0.052969,213474
530.395,0.844839,1.48982,0.052969,213474
530.395,0.844839,1.48982,0.052969,213474
530.395,0.844839,1.48982,0.052969,213474
530.395,0.844839,1.48982,0.052969,213474
530.395,0.844839,1.48982,0.052969,213474
530.395,0.844839,1.48982,0.052969,213474
530.395,0.844839,1.48982,0.052969,213474
530.395,0.844839,1.48982,0.052969,213474
530.395,0.844839,1.48982,0.052969,213474
530.395,0.844839,1.48982,0.052969,213474
530.395,0.844839,1.48982,0.052969,213474
530.395,0.844839,1.48982,0.052969,213474
530.395,0.844839,1.48982,0.052969,213474
530.395,0.844839,1.48982,0.052969,213474
530.395,0.844839,1.48982,0.052969,213474
530.395,0.844839,1.48982,0.052969,213474
530.395,0.844839,1.48982,0.052969,213474
530.395,0.844839,1.48982,0.052969,213474
530.395,0.844839,1.48982,0.052969,213474
530.395,0.844839,1.48982,0.052969,213474
530.395,0.844839,1.48982,0.052969,213474
530.395,0.844839,1.48982,0.052969,213474
530.395,0.844839,1.48982,0.052969,213474
530.395,0.844839,1.48982,0.052969,213474
530.395,0.844839,1.48982,0.052969,213474
530.395,0.844839,1.48982,0.052969,213474
530.395,0.844839,1.48982,0.052969,213474
530.395,0.844839,1.48982,0.052969,213474
530.395,0.844839,1.48982,0.052969,213474
530.395,0.844839,1.48982,0.052969,213474
530.395,0.844839,1.48982,0.052969,213474
530.395,0.844839,1.48982,0.052969,213474
530.395,0.844839,1.48982,0.052969,213474
530.395,0.844839,1.48982,0.052969,213474
530.395,0.844839,1.48982,0.052969,213474
530.395,0.844839,1.48982,0.052969,213474
530.395,0.844839,1.48982,0.052969,213474
530.395,0.844839,1.48982,0.052969,213474
530.395,0.844839,1.48982,0.052969,213474
530.395,0.844839,1.48982,0.052969,213474
530.395,0.844839,1.48982,0.052969,213474
530.395,0.844839,1.48982,0.052969,213474
530.395,0.844839,1.48982,0.052969,213474
530.395,0.844839,1.48982,0.052969,213474
530.395,0.844839,1.48982,0.052969,213474
530.395,0.844839,1.48982,0.052969,213474
530.395,0.844839,1.48982,0.052969,213474
530.395,0.844839,1.48982,0.052969,213474
530.395,0.844839,1.48982,0.052969,213474
530.395,0.844839,1.48982,0.052969,213474
530.395,0.844839,1.48982,0.052969,213474
530.395,0.844839,1.48982,0.052969,213474
530.395,0.844839,1.48982,0.052969,213474
530.395,0.844839,1.48982,0.052969,213474
530.395,0.844839,1.48982,0.052969,213474
530.395,0.844839,1.48982,0.052969,213474
530.395,0.844839,1.48982,0.052969,213474
530.395,0.844839,1.48982,0.052969,213474
530.395,0.844839,1.48982,0.052969,213474
530.395,0.844839,1.48982,0.052969,213474
530.395,0.844839,1.48982,0.052969,213474
530.395,0.844839,1.48982,0.052969,213474
530.395,0.844839,1.48982,0.052969,213474
530.395,0.844839,1.48982,0.052969,213474
530.395,0.844839,1.48982,0.052969,213474
530.395,0.844839,1.48982,0.052969,213474
530.395,0.844839,1.48982,0.052969,213474
530.395,0.844839,1.48982,0.052969,213474
530.395,0.844839,1.48982,0.052969,213474
704.186,0.844839,1.48982,0.052969,213474
704.166,0.844847,1.48983,0.052969,213474
703.987,0.844929,1.48997,0.052969,213474
703.615,0.845048,1.49088,0.0529754,213213
702.887,0.845287,1.493,0.0529912,212630
697.793,0.847944,1.51501,0.0531492,206895
696.112,0.853128,1.55053,0.0533795,197380
693.604,0.850978,1.53636,0.0532904,201001
714.732,0.853363,1.55902,0.0533356,193470
692.963,0.851308,1.53973,0.0532973,199829
692.951,0.851436,1.53531,0.0532532,198586
692.639,0.851372,1.53749,0.0532751,199201
692.251,0.851524,1.54175,0.0532915,199008
691.64,0.851514,1.54229,0.0532919,198861
690.545,0.851502,1.53969,0.0532852,198653
688.402,0.851564,1.54009,0.0533051,198454
672.188,0.852172,1.54407,0.0535039,196468
639.552,0.853526,1.56272,0.0539035,193121
584.709,0.854688,1.57076,0.0544216,185904
711.973,0.854961,1.60789,0.0549858,173488
570.277,0.854855,1.58004,0.0545653,182648
579.141,0.855613,1.60386,0.0546284,179805
564.737,0.855157,1.58908,0.0545895,181552
575.195,0.85397,1.57589,0.0543541,180379
563.312,0.854854,1.58566,0.0545288,181249
563.136,0.854537,1.58142,0.0544939,181762
562.792,0.854482,1.58086,0.0544954,181846
562.158,0.854389,1.57928,0.0545243,182065
561.011,0.854293,1.57707,0.0546145,182606
559.747,0.854009,1.5715,0.0548085,183763
560.473,0.853645,1.56467,0.0550211,186375
559.255,0.853873,1.56892,0.0548885,184742
558.337,0.853631,1.56556,0.0549171,186046
556.847,0.853318,1.5598,0.0549817,188754
555.239,0.852729,1.5496,0.0550765,193478
553.557,0.851772,1.53762,0.055168,199201
553.717,0.8509,1.52804,0.0552184,203250
552.849,0.851354,1.533,0.0551922,201138
552.196,0.850975,1.52767,0.0552312,203553
553.946,0.849961,1.51737,0.0551887,207795
551.998,0.850711,1.52496,0.0552201,204656
551.554,0.850491,1.52182,0.0552405,206098
551.066,0.849939,1.51601,0.0552213,208581
551.255,0.84943,1.50916,0.0552322,213347
550.874,0.849732,1.51321,0.0552257,210509
550.548,0.849505,1.51018,0.0552162,212671
551.138,0.848779,1.50588,0.0549939,215584
550.461,0.849316,1.50905,0.0551581,213427
550.359,0.849285,1.50864,0.0551079,214653
550.203,0.849249,1.50829,0.0550502,216271
550.509,0.849351,1.51167,0.0547605,218337
550.163,0.849274,1.50911,0.054979,216776
550.093,0.849356,1.51028,0.0549166,217424
550.035,0.84968,1.51463,0.0547383,218718
549.943,0.84998,1.51888,0.0545392,219945
549.921,0.85072,1.52817,0.0541192,222948
549.877,0.850891,1.53044,0.0540181,223602
549.575,0.852591,1.5534,0.0530183,230256
552.187,0.856341,1.59583,0.0517191,241414
549.54,0.852984,1.55772,0.0528822,231387
549.479,0.853334,1.56216,0.0527022,232309
549.684,0.853889,1.5706,0.0522764,233409
549.467,0.853435,1.56369,0.0526244,232509
549.444,0.853569,1.56526,0.0525669,232796
549.428,0.853761,1.56767,0.0524495,233619
549.396,0.853944,1.56981,0.0523583,234439
549.338,0.854219,1.57305,0.0522395,235569
549.232,0.85478,1.58035,0.0521113,234728
549.047,0.856013,1.59595,0.051655,236237
548.731,0.858395,1.62702,0.0506666,241055
548.546,0.862501,1.68399,0.0491896,244139
548.502,0.864667,1.71453,0.0485515,242961
548.446,0.865227,1.72235,0.0483174,244650
548.359,0.865986,1.73347,0.0479622,247021
548.265,0.866981,1.74864,0.0475236,249098
548.208,0.868332,1.76997,0.0472188,243239
548.139,0.867596,1.7572,0.0474672,245102
548.073,0.866659,1.74243,0.0477925,246901
547.972,0.86689,1.74674,0.0478349,242807
548.079,0.86765,1.75778,0.0474527,245287
547.939,0.867147,1.75045,0.0477053,243642
547.883,0.867224,1.75055,0.0476176,245807
547.789,0.867627,1.75708,0.0475792,242988
547.639,0.867579,1.75706,0.0477025,239334
547.364,0.867133,1.7504,0.0478373,239450
546.857,0.865705,1.72807,0.0482883,241542
546.019,0.866493,1.7415,0.0482324,233252
544.545,0.86866,1.77858,0.0470937,239714
542.238,0.862647,1.68652,0.0495653,230889
541.535,0.846557,1.47667,0.0584036,176405
541.13,0.842566,1.43192,0.0596004,175833
541.633,0.842036,1.43418,0.0590514,176726
541.008,0.84241,1.43243,0.0594313,176107
541.117,0.841018,1.41502,0.0609784,165479
540.965,0.841924,1.42623,0.0599661,172325
540.881,0.84199,1.42697,0.0599233,172549
540.072,0.842644,1.43436,0.0594967,174805
536.098,0.84904,1.51072,0.0554016,199064
538.817,0.855223,1.59247,0.05162,225237
535.088,0.851559,1.54301,0.0538472,209200
533.836,0.852196,1.55037,0.0534045,214778
533.056,0.848042,1.49608,0.0546554,223001
532.532,0.849458,1.51541,0.0543336,218171
532.123,0.848776,1.50625,0.0545774,218935
531.851,0.846563,1.4798,0.0553646,219701
531.624,0.847448,1.49126,0.0548973,220962
531.502,0.847604,1.4932,0.0547816,220163
531.341,0.847903,1.49816,0.0544919,220733
531.179,0.847463,1.49559,0.0543458,220977
531.037,0.847731,1.50347,0.0538711,220690
530.908,0.847107,1.49951,0.0539228,217624
530.827,0.847491,1.50415,0.053768,217172
530.761,0.847272,1.50326,0.0536646,216633
530.711,0.847413,1.50536,0.0535279,217200
530.645,0.847076,1.50439,0.0533726,217171
530.574,0.846547,1.50077,0.0531832,217922
530.516,0.845215,1.48778,0.0532833,217333
530.478,0.845071,1.48882,0.053044,217038
530.458,0.845204,1.49183,0.0527695,218490
530.445,0.845123,1.49121,0.0528331,217267
530.427,0.845071,1.49061,0.0529088,216318
530.418,0.845187,1.49312,0.0529221,213559
530.412,0.845105,1.49205,0.0529258,214090
530.408,0.845114,1.4919,0.0529419,214246
530.402,0.845023,1.4911,0.0529454,214356
530.4,0.844995,1.49141,0.0529502,213174
530.398,0.845025,1.49172,0.0529382,213404
530.397,0.844944,1.49089,0.0529255,213857
530.396,0.844927,1.49073,0.0529345,213706
530.396,0.844922,1.49086,0.0529264,213599
530.396,0.844896,1.49055,0.0529342,213581
530.395,0.844846,1.48994,0.0529555,213507
530.395,0.844791,1.48923,0.0529857,213498
530.395,0.844805,1.4894,0.0529804,213478
530.395,0.844812,1.48946,0.0529797,213491
530.395,0.844831,1.48967,0.0529741,213531
530.395,0.844852,1.48992,0.0529637,213572
530.395,0.844855,1.48998,0.0529606,213571
530.395,0.844851,1.48995,0.0529615,213546
530.395,0.844842,1.48985,0.0529656,213502
530.395,0.844835,1.48978,0.0529696,213469
530.395,0.844834,1.48976,0.0529724,213445
530.395,0.844832,1.48973,0.0529736,213451
530.395,0.844838,1.4898,0.0529714,213466
530.395,0.844839,1.4898,0.0529707,213483
530.395,0.844843,1.48985,0.0529679,213497
530.395,0.844842,1.48984,0.0529671,213499
530.395,0.844841,1.48984,0.0529674,213480
530.395,0.844839,1.48982,0.0529684,213466
530.395,0.844842,1.48985,0.0529689,213447
530.395,0.844843,1.48986,0.0529699,213435
530.395,0.844847,1.4899,0.0529694,213439
530.395,0.844847,1.48991,0.0529687,213450
530.395,0.844846,1.48989,0.0529681,213466
530.395,0.844844,1.48987,0.052967,213483
530.395,0.844842,1.48985,0.0529668,213490
530.395,0.844841,1.48984,0.0529669,213488
530.395,0.844841,1.48984,0.0529671,213485
530.395,0.844841,1.48984,0.0529679,213478
530.395,0.844841,1.48984,0.0529685,213474
530.395,0.84484,1.48982,0.052969,213471
530.395,0.844839,1.48982,0.0529692,213471
530.395,0.844839,1.48981,0.0529692,213471
530.395,0.844839,1.48981,0.0529693,213472
530.395,0.844839,1.48981,0.0529692,213472
530.395,0.844839,1.48982,0.0529692,213473
530.395,0.844839,1.48982,0.0529691,213474
530.395,0.844839,1.48982,0.0529691,213474
530.395,0.844839,1.48982,0.0529691,213474
530.395,0.844839,1.48982,0.0529691,213474
530.395,0.844839,1.48982,0.0529691,213473
530.395,0.844839,1.48982,0.0529691,213473
530.395,0.844839,1.48982,0.0529691,213473
530.395,0.844839,1.48982,0.052969,213473
530.395,0.844839,1.48982,0.052969,213474
530.395,0.844839,1.48982,0.052969,213474
530.395,0.844839,1.48982,0.052969,213474
530.395,0.844839,1.48982,0.052969,213474
530.395,0.844839,1.48982,0.052969,213473
530.395,0.844839,1.48982,0.052969,213473
530.395,0.844839,1.48982,0.052969,213473
530.395,0.844839,1.48982,0.052969,213473
530.395,0.844839,1.48982,0.052969,213474
530.395,0.844839,1.48982,0.052969,213474
530.395,0.844839,1.48982,0.052969,213474
530.395,0.844839,1.48982,0.052969,213474
530.395,0.844839,1.48982,0.052969,213474
530.395,0.844839,1.48982,0.052969,213474
530.395,0.844839,1.48982,0.052969,213473
530.395,0.844839,1.48982,0.0529691,213473
530.395,0.844839,1.48982,0.0529691,213473
530.395,0.844839,1.48982,0.0529691,213473
530.395,0.844839,1.48982,0.052969,213474
530.395,0.844839,1.48982,0.052969,213474
530.395,0.844839,1.48982,0.052969,213474
530.395,0.844839,1.48982,0.052969,213474
530.395,0.844839,1.48982,0.052969,213474
530.395,0.844839,1.48982,0.052969,213474
530.395,0.844839,1.48982,0.052969,213474
530.395,0.844839,1.48982,0.052969,213473
530.395,0.844839,1.48982,0.052969,213473
530.395,0.844839,1.48982,0.052969,213473
530.395,0.844839,1.48982,0.052969,213473
530.395,0.844839,1.48982,0.052969,213474
530.395,0.844839,1.48982,0.052969,213474
530.395,0.844839,1.48982,0.052969,213474
530.395,0.844839,1.48982,0.052969,213474
530.395,0.844839,1.48982,0.052969,213474
530.395,0.844839,1.48982,0.052969,213474
530.395,0.844839,1.48982,0.052969,213474
530.395,0.844839,1.48982,0.052969,213474
530.395,0.844839,1.48982,0.052969,213474
530.395,0.844839,1.48982,0.052969,213474
530.395,0.844839,1.48982,0.052969,213474
530.395,0.844839,1.48982,0.052969,213474
530.395,0.844846,1.48983,0.052969,213474
530.395,0.844832,1.4898,0.052969,213474
530.395,0.84484,1.48982,0.052969,213474
530.395,0.844838,1.48982,0.052969,213474
530.395,0.84484,1.48982,0.052969,213474
530.395,0.844839,1.48982,0.052969,213474
530.395,0.844839,1.48982,0.052969,213474
530.395,0.844839,1.48982,0.052969,213474
530.395,0.844839,1.48982,0.052969,213474
530.395,0.844839,1.48982,0.052969,213474
530.395,0.844839,1.48982,0.052969,213474
530.395,0.844839,1.48982,0.052969,213474
530.395,0.844839,1.48982,0.052969,213474
530.395,0.844839,1.48982,0.052969,213474
530.395,0.844839,1.48982,0.052969,213474
530.395,0.844839,1.48982,0.052969,213474
530.395,0.844839,1.48982,0.052969,213474
530.395,0.844839,1.48982,0.052969,213474
530.395,0.844839,1.48982,0.052969,213474
530.395,0.844839,1.48982,0.052969,213474
530.395,0.844839,1.48982,0.052969,213474
530.395,0.844839,1.48982,0.052969,213474
530.395,0.844839,1.48982,0.052969,213474
530.395,0.844839,1.48982,0.052969,213474
530.395,0.844839,1.48982,0.052969,213474
530.395,0.844839,1.48982,0.052969,213474
530.395,0.844839,1.48982,0.052969,213474
530.395,0.844839,1.48982,0.052969,213474
530.395,0.844839,1.48982,0.052969,213474
530.395,0.844839,1.48982,0.052969,213474
530.395,0.844839,1.48982,0.052969,213474
530.395,0.844839,1.48982,0.052969,213474
530.395,0.844839,1.48982,0.052969,213474
530.395,0.844839,1.48982,0.052969,213474
530.395,0.844839,1.48982,0.052969,213474
530.395,0.844839,1.48982,0.052969,213474
530.395,0.844839,1.48982,0.052969,213474
530.395,0.844839,1.48982,0.052969,213474
530.395,0.844839,1.48982,0.052969,213474
530.395,0.844839,1.48982,0.052969,213474
530.395,0.844839,1.48981,0.052969,213472
530.395,0.844839,1.48982,0.052969,213475
530.395,0.844839,1.48982,0.052969,213473
530.395,0.844839,1.48982,0.052969,213474
530.395,0.844839,1.48981,0.052969,213472
530.395,0.844839,1.48982,0.052969,213475
530.395,0.844839,1.48982,0.052969,213473
530.395,0.844839,1.48982,0.052969,213474
530.395,0.844839,1.48981,0.052969,213472
530.395,0.844839,1.48982,0.052969,213475
530.395,0.844839,1.48982,0.052969,213473
530.395,0.844839,1.48982,0.052969,213474
530.395,0.844839,1.48981,0.052969,213472
530.395,0.844839,1.48982,0.052969,213475
530.395,0.844839,1.48982,0.052969,213473
530.395,0.844839,1.48982,0.052969,213474
530.395,0.844839,1.48981,0.052969,213472
530.395,0.844839,1.48982,0.052969,213475
530.395,0.844839,1.48982,0.052969,213473
530.395,0.844839,1.48982,0.052969,213474
530.395,0.844839,1.48981,0.052969,213472
530.395,0.844839,1.48982,0.052969,213475
530.395,0.844839,1.48982,0.052969,213473
530.395,0.844839,1.48982,0.052969,213474
530.395,0.844839,1.48981,0.052969,213472
530.395,0.844839,1.48982,0.052969,213475
530.395,0.844839,1.48982,0.052969,213473
530.395,0.844839,1.48982,0.052969,213474
530.395,0.844839,1.48981,0.052969,213472
530.395,0.844839,1.48982,0.052969,213475
530.395,0.844839,1.48982,0.052969,213473
530.395,0.844839,1.48982,0.052969,213474
530.395,0.844839,1.48981,0.052969,213472
530.395,0.844839,1.48982,0.052969,213475
530.395,0.844839,1.48982,0.052969,213473
530.395,0.844839,1.48982,0.052969,213474
530.395,0.844839,1.48981,0.052969,213472
530.395,0.844839,1.48982,0.052969,213475
530.395,0.844839,1.48982,0.052969,213473
530.395,0.844839,1.48982,0.052969,213474
530.395,0.844839,1.48981,0.052969,213472
530.395,0.844839,1.48982,0.052969,213475
530.395,0.844839,1.48982,0.052969,213473
530.395,0.844839,1.48982,0.052969,213474
530.395,0.844839,1.48981,0.052969,213472
530.395,0.844839,1.48982,0.052969,213475
530.395,0.844839,1.48982,0.052969,213473
530.395,0.844839,1.48982,0.052969,213474
530.395,0.844839,1.48981,0.052969,213472
530.395,0.844839,1.48982,0.052969,213475
530.395,0.844839,1.48982,0.052969,213473
530.395,0.844839,1.48982,0.052969,213474
530.395,0.844839,1.48981,0.052969,213472
530.395,0.844839,1.48982,0.052969,213475
530.395,0.844839,1.48982,0.052969,213473
530.395,0.844839,1.48982,0.052969,213474
530.395,0.844839,1.48981,0.052969,213472
530.395,0.844839,1.48982,0.052969,213475
530.395,0.844839,1.48982,0.052969,213473
530.395,0.844839,1.48982,0.052969,213474
530.395,0.844839,1.48981,0.052969,213472
530.395,0.844839,1.48982,0.052969,213475
530.395,0.844839,1.48982,0.052969,213473
530.395,0.844839,1.48982,0.052969,213474
530.395,0.844839,1.48981,0.052969,213472
530.395,0.844839,1.48982,0.052969,213475
530.395,0.844839,1.48982,0.052969,213473
530.395,0.844839,1.48982,0.052969,213474
530.395,0.844839,1.48981,0.052969,213472
530.395,0.844839,1.48982,0.052969,213475
530.395,0.844839,1.48982,0.052969,213473
530.395,0.844839,1.48982,0.052969,213474
530.395,0.844839,1.48981,0.052969,213472
530.395,0.844839,1.48982,0.052969,213475
530.395,0.844839,1.48982,0.052969,213473
530.395,0.844839,1.48982,0.052969,213474
530.395,0.844839,1.48981,0.052969,213472
530.395,0.844839,1.48982,0.052969,213475
530.395,0.844839,1.48982,0.052969,213473
530.395,0.844839,1.48982,0.052969,213474
530.395,0.844839,1.48981,0.052969,213472
530.395,0.844839,1.48982,0.052969,213475
530.395,0.844839,1.48982,0.052969,213473
530.395,0.844839,1.48982,0.052969,213474
530.395,0.844839,1.48981,0.052969,213472
530.395,0.844839,1.48982,0.052969,213475
530.395,0.844839,1.48982,0.052969,213473
530.395,0.844839,1.48982,0.052969,213474
530.395,0.844839,1.48981,0.052969,213472
530.395,0.844839,1.48982,0.052969,213475
530.395,0.844839,1.48982,0.052969,213473
530.395,0.844839,1.48982,0.052969,213474
530.395,0.844839,1.48981,0.052969,213472
530.395,0.844839,1.48982,0.052969,213475
530.395,0.844839,1.48982,0.052969,213473
530.395,0.844839,1.48982,0.052969,213474
530.395,0.844839,1.48981,0.052969,213472
530.395,0.844839,1.48982,0.052969,213475
530.395,0.844839,1.48982,0.052969,213473
530.395,0.844839,1.48982,0.052969,213474
530.395,0.844839,1.48981,0.052969,213472
530.395,0.844839,1.48982,0.052969,213475
530.395,0.844839,1.48982,0.052969,213473
530.395,0.844839,1.48982,0.052969,213474
530.395,0.844838,1.48982,0.052969,213472
530.395,0.84484,1.48982,0.052969,213475
530.395,0.844839,1.48982,0.052969,213473
530.395,0.844839,1.48982,0.052969,213474
530.395,0.844837,1.48983,0.052969,213472
530.395,0.844842,1.48981,0.052969,213475
530.395,0.844839,1.48982,0.052969,213473
530.395,0.844839,1.48982,0.052969,213474
530.395,0.844838,1.48983,0.052969,213472
530.395,0.84484,1.48981,0.052969,213475
530.395,0.844839,1.48982,0.052969,213473
530.395,0.844839,1.48982,0.052969,213474
530.395,0.844839,1.48984,0.052969,213472
530.395,0.84484,1.4898,0.052969,213475
530.395,0.844839,1.48982,0.052969,213473
530.395,0.844839,1.48982,0.052969,213474
530.395,0.844845,1.48997,0.052969,213472
530.395,0.844833,1.48966,0.052969,213475
530.395,0.84484,1.48983,0.052969,213473
530.395,0.844839,1.4898,0.052969,213474
530.395,0.844839,1.48981,0.052969,213506
530.395,0.844839,1.48982,0.052969,213441
530.395,0.844839,1.48982,0.052969,213477
530.395,0.844839,1.48982,0.052969,213470
530.395,0.844839,1.48982,0.052969,213474
530.395,0.844839,1.48982,0.052969,213474
530.395,0.844839,1.48982,0.052969,213474
530.395,0.844839,1.48982,0.052969,213474
530.395,0.844839,1.48982,0.052969,213474
530.395,0.844839,1.48982,0.052969,213474
530.395,0.844839,1.48982,0.052969,213474
530.395,0.844839,1.48982,0.052969,213474
530.395,0.844839,1.48982,0.052969,213474
530.395,0.844839,1.48982,0.052969,213474
530.395,0.844839,1.48982,0.052969,213474
530.395,0.844839,1.48982,0.052969,213474
530.395,0.844839,1.48982,0.052969,213474
530.395,0.844839,1.48982,0.052969,213474
530.395,0.844839,1.48982,0.052969,213474
530.395,0.844839,1.48982,0.052969,213474
530.395,0.844839,1.48982,0.052969,213474
530.395,0.844839,1.48982,0.052969,213474
530.395,0.844839,1.48982,0.052969,213474
530.395,0.844839,1.48982,0.052969,213474
530.395,0.844839,1.48982,0.052969,213474
530.395,0.844839,1.48982,0.052969,213474
530.395,0.844839,1.48982,0.052969,213474
530.395,0.844839,1.48982,0.052969,213474
530.395,0.844839,1.48982,0.052969,213474
530.395,0.844839,1.48982,0.052969,213474
530.395,0.844839,1.48982,0.052969,213474
530.395,0.844839,1.48982,0.052969,213474
530.395,0.844839,1.48982,0.052969,213474
530.395,0.844839,1.48982,0.052969,213474
530.395,0.844839,1.48982,0.052969,213474
530.395,0.844839,1.48982,0.052969,213474
530.395,0.844839,1.48982,0.052969,213474
530.395,0.844839,1.48982,0.052969,213474
530.395,0.844839,1.48982,0.052969,213474
530.395,0.844839,1.48982,0.052969,213474
530.395,0.844839,1.48982,0.052969,213474
530.395,0.844839,1.48982,0.052969,213474
530.395,0.844839,1.48982,0.052969,213474
530.395,0.844839,1.48982,0.052969,213474
530.395,0.844839,1.48982,0.052969,213474
530.395,0.844839,1.48982,0.052969,213474
530.395,0.844839,1.48982,0.052969,213474
530.395,0.844839,1.48982,0.052969,213474
530.395,0.844839,1.48982,0.052969,213474
530.395,0.844839,1.48982,0.052969,213474
530.395,0.844839,1.48982,0.052969,213474
530.395,0.844839,1.48982,0.052969,213474
530.395,0.844839,1.48982,0.052969,213474
530.395,0.844839,1.48982,0.052969,213474
530.395,0.844839,1.48982,0.052969,213474
530.395,0.844839,1.48982,0.052969,213474
530.395,0.844839,1.48982,0.052969,213474
530.395,0.844839,1.48982,0.052969,213474
530.395,0.844839,1.48982,0.052969,213474
530.395,0.844839,1.48982,0.052969,213474
530.395,0.844839,1.48982,0.052969,213474
530.395,0.844839,1.48982,0.052969,213474
530.395,0.844839,1.48982,0.052969,213474
530.395,0.844839,1.48982,0.052969,213474
530.395,0.844839,1.48982,0.052969,213474
530.395,0.844839,1.48982,0.052969,213474
530.395,0.844839,1.48982,0.052969,213474
530.395,0.844839,1.48982,0.052969,213474
530.395,0.844839,1.48982,0.052969,213474
530.395,0.844839,1.48982,0.052969,213474
530.395,0.844839,1.48982,0.052969,213474
530.395,0.844839,1.48982,0.052969,213474
530.395,0.844839,1.48982,0.052969,213474
530.395,0.844839,1.48982,0.052969,213474
530.395,0.844839,1.48982,0.052969,213474
530.395,0.844839,1.48982,0.052969,213474
530.395,0.844839,1.48982,0.052969,213474
530.395,0.844839,1.48982,0.052969,213474
530.395,0.844839,1.48982,0.052969,213474
530.395,0.844839,1.48982,0.052969,213474
530.395,0.844839,1.48982,0.052969,213474
530.395,0.844839,1.48982,0.052969,213474
530.395,0.844839,1.48982,0.052969,213474
530.395,0.844839,1.48982,0.052969,213474
530.395,0.844839,1.48982,0.052969,213474
530.395,0.844839,1.48982,0.052969,213474
530.395,0.844839,1.48982,0.052969,213474
530.395,0.844839,1.48982,0.052969,213474
530.395,0.844839,1.48982,0.052969,213474
530.395,0.844839,1.48982,0.052969,213474
530.395,0.844839,1.48982,0.052969,213474
530.395,0.844839,1.48982,0.052969,213474
530.395,0.844839,1.48982,0.052969,213474
530.395,0.844839,1.48982,0.052969,213474
530.395,0.844839,1.48982,0.052969,213474
530.395,0.844839,1.48982,0.052969,213474
530.395,0.844839,1.48982,0.052969,213474
530.395,0.844839,1.48982,0.052969,213474
530.395,0.844839,1.48982,0.052969,213474
530.395,0.844839,1.48982,0.052969,213474
530.395,0.844839,1.48982,0.052969,213474
530.395,0.844839,1.48982,0.052969,213474
530.395,0.844839,1.48982,0.052969,213474
530.395,0.844839,1.48982,0.052969,213474
530.395,0.844839,1.48982,0.052969,213474
530.395,0.844839,1.48982,0.052969,213474
530.395,0.844839,1.48982,0.052969,213474
530.395,0.844839,1.48982,0.052969,213474
530.395,0.844839,1.48982,0.052969,213474
530.395,0.844839,1.48982,0.052969,213474
530.395,0.844839,1.48982,0.052969,213474
530.395,0.844839,1.48982,0.052969,213474
530.395,0.844839,1.48982,0.052969,213474
530.395,0.84484,1.48982,0.052969,213474
530.395,0.844839,1.48982,0.052969,213474
530.395,0.844839,1.48982,0.052969,213474
530.395,0.844838,1.48982,0.052969,213474
530.395,0.84484,1.48982,0.052969,213474
530.395,0.844839,1.48982,0.052969,213474
530.395,0.844839,1.48982,0.052969,213474
530.395,0.844838,1.48981,0.052969,213474
530.395,0.844841,1.48982,0.052969,213474
530.395,0.844839,1.48982,0.052969,213474
530.395,0.844839,1.48982,0.052969,213474
530.395,0.844834,1.48981,0.052969,213474
530.395,0.844844,1.48983,0.052969,213474
530.395,0.844839,1.48982,0.052969,213474
530.395,0.84484,1.48982,0.052969,213474
530.395,0.844839,1.48982,0.0529721,213474
530.395,0.84484,1.48982,0.0529659,213474
530.395,0.844839,1.48982,0.0529694,213474
530.395,0.844839,1.48982,0.0529687,213474
530.395,0.844839,1.48982,0.052969,213474
530.395,0.844839,1.48982,0.052969,213474
530.395,0.844839,1.48982,0.052969,213474
530.395,0.844839,1.48982,0.052969,213474
530.395,0.844839,1.48982,0.052969,213474
530.395,0.844839,1.48982,0.052969,213474
530.395,0.844839,1.48982,0.052969,213474
530.395,0.844839,1.48982,0.052969,213474
530.395,0.844839,1.48982,0.052969,213474
530.395,0.844839,1.48982,0.052969,213474
530.395,0.844839,1.48982,0.052969,213474
530.395,0.844839,1.48982,0.052969,213474
530.395,0.844839,1.48982,0.052969,213474
530.395,0.844839,1.48982,0.052969,213474
530.395,0.844839,1.48982,0.052969,213474
530.395,0.844839,1.48982,0.052969,213474
530.395,0.844839,1.48982,0.052969,213474
530.395,0.844839,1.48982,0.052969,213474
530.395,0.844839,1.48982,0.052969,213474
530.395,0.844839,1.48982,0.052969,213474
530.395,0.844839,1.48982,0.052969,213474
